"ID","RoleID","UserName","Password","DateCreated","DateUpdated","DateDeleted"
1,4,"charlene.avent","E38AD214943DAAD1D64C102FAEC29DE4AFE9DA3D","2016-03-06 07:42:01.011",,
2,2,"milton.jacquemin","2AA60A8FF7FCD473D321E0146AFD9E26DF395147","2016-05-24 07:27:41.414","2016-05-24 07:27:41.414","2016-05-24 07:27:41.414"
3,9,"karan.crisler","1119CFD37EE247357E034A08D844EEA25F6FD20F","2018-04-30 07:29:03.033",,
4,9,"tova.hibdon","A1D7584DAACA4738D499AD7082886B01117275D8","2014-07-07 07:45:44.444","2014-07-07 07:45:44.444",
5,1,"florine.bloss","EDBA955D0EA15FDEF4F61726EF97E5AF507430C0","2014-09-27 08:08:19.191",,"2014-09-27 08:08:19.191"
6,10,"jackeline.haynie","6D749E8A378A34CF19B4C02F7955F57FDBA130A5","2016-05-15 07:25:40.404","2016-05-15 07:25:40.404",
7,4,"branda.pompey","330BA60E243186E9FA258F9992D8766EA6E88BC1","2018-07-07 07:20:35.353",,
8,3,"hester.portier","A8DBBFA41CEC833F8DD42BE4D1FA9A13142C85C2","2018-03-11 08:42:11.111",,
9,3,"kori.pichon","024B01916E3EAEC66A2C4B6FC587B1705F1A6FC8","2014-12-09 07:25:38.383",,
10,5,"margo.mauney","F68EC41CDE16F6B806D7B04C705766B7318FBB1D","2013-08-18 07:25:40.404",,
11,2,"zelma.shealy","DDF6C9A1DF4D57AEF043CA8610A5A0DEA097AF0B","2013-07-02 08:26:58.585",,"2013-07-02 08:26:59.595"
12,3,"tula.norrell","10C28F9CF0668595D45C1090A7B4A2AE98EDFA58","2013-12-29 07:07:11.111",,
13,3,"rolando.wadkins","D505832286E2C1D2839F394DE89B3AF8DC3F8C1F","2018-06-28 07:23:09.099","2018-06-28 07:23:09.099",
14,7,"sanda.kluge","89F747BCED37A9D8AEE5C742E2AEA373278EB29F","2014-01-08 08:34:47.474",,
15,5,"lillian.gregorich","BD021E21C14628FAA94D4AAAC48C869D6B5D0EC3","2017-01-04 07:53:45.454",,
16,4,"katharina.dare","3DE778E515E707114B622E769A308D1A2F84052B","2013-11-24 08:42:18.181","2013-11-24 08:42:18.181","2013-11-24 08:42:18.181"
17,3,"lowell.ballentine","B9C3D15C70A945D9E308AC763DD254B47C29BC0A","2017-10-28 07:10:16.161",,
18,8,"michelle.smithwick","E7369527332F65FE86C44D87116801A0F4FBE5D3","2014-10-10 07:37:42.424","2014-10-10 07:37:42.424",
19,8,"damaris.guinn","2C30DE294B2CA17D5C356645A04FF4D0DE832594","2015-11-17 07:38:45.454",,
20,10,"crysta.countryman","6B00888703D6CAE5654E2D2A6DE79C42BBF94497","2014-10-31 08:30:26.262","2014-10-31 08:30:26.262",
21,3,"darryl.barron","6BD1C0AC395C9CC40ACD3FEF59209944A8E09CD2","2018-05-27 08:37:46.464",,
22,3,"lucy.guenther","4393E23BBCFC18A7FF359B6130E73C55F5BDB541","2013-05-13 08:17:48.484",,
23,6,"robyn.kennett","E5E080B98051E09A61175BDD4501701BE7185582","2015-11-09 07:28:08.088",,
24,8,"gaylord.leinen","EC962982C39B2137BC5453E66034A4E774164720","2013-03-19 08:06:43.434",,
25,3,"janell.junkins","493FA14B04D2BF8BB61EEAA9ECA50BB1FBFC281D","2016-09-18 07:13:32.323",,
26,8,"adena.vandyne","36D7048E5FF06F7707E4018EF1D17CF6C37DC0C5","2018-05-24 07:18:25.252",,"2018-05-24 07:18:25.252"
27,3,"al.laberge","DFF2565104B1A1E3B293579B35829ABB47A73B2D","2017-10-27 07:20:03.033",,
28,3,"jerry.smedley","C82940C8B3A430670709B2034B9423C728B34416","2014-11-16 08:10:06.066",,"2014-11-16 08:10:06.066"
29,2,"elisa.mcanulty","7CF05621019E9C633B84F2BA1EA097E8DAE22BF7","2016-05-16 07:26:30.303",,
30,1,"tomeka.hom","70DE8F10EDCBE18A77366264DB2EE393C9827480","2014-04-11 08:29:24.242","2014-04-11 08:29:24.242",
31,7,"carlo.cassinelli","F4E1ECA75C7CA588FFECE061D51BE44B65942422","2014-12-30 08:21:41.414","2014-12-30 08:21:41.414",
32,4,"delois.schimmel","4E0F441B33ED59F69B2075604CF74F0B4DC5F8F7","2018-08-13 07:06:56.565",,
33,8,"lauretta.mary","92BF18F8A63E350B0C95B1035C3939C633985875","2017-10-05 08:00:26.262",,
34,5,"jonie.holton","849071E0DBC2D75250C36281EEACEB2377673CF6","2015-06-14 07:01:35.353",,
35,1,"elisha.rickett","69A1871AB9200ED3E330E489F23789044E763FC7","2016-07-14 07:50:46.464","2016-07-14 07:50:46.464",
36,9,"ming.maher","E68150663441FE28F6288A4688B557B2E15C2E03","2015-02-11 08:36:40.404",,"2015-02-11 08:36:40.404"
37,8,"angelena.henrichs","678663851798DF02F85F18A552184E9F46996735","2013-01-04 07:19:29.292","2013-01-04 07:19:29.292",
38,10,"akiko.staten","BF8E9B50E0A298BE93CB412A73D9EF5BA7D746DB","2013-10-30 08:17:17.171",,
39,4,"kelvin.berquist","181A670402D8FAC3EC284CB9309CD06B4499BF7D","2014-11-20 07:36:16.161",,
40,5,"filomena.mcgray","68617A33DF2EA41A0A835AC878E0D2065E238DA8","2015-04-07 07:13:45.454",,
41,4,"wilfredo.claybrook","D2116A45F6CB68BF7DAD2464E04A73B492BA1778","2016-10-24 08:12:00.000","2016-10-24 08:12:00.000",
42,3,"isadora.mutchler","ABA1DF3B90705C06F35282F52C51303A6C675669","2015-12-03 07:53:21.212","2015-12-03 07:53:21.212",
43,3,"laci.spalla","B472077A5A412CF4AF8615D69DB06C1472A4E95D","2018-04-07 08:15:22.222",,
44,3,"mendy.dieter","DB9990CE810E272E3579513617A73862753D8070","2014-11-23 08:18:36.363",,
45,4,"rena.geter","1EE51DEE908702B116B6AC09C51CC148AA121398","2013-12-10 07:15:01.011",,
46,1,"cher.caffrey","7D4A6D9D335815D2568A12A48650F2326C9111B5","2015-09-08 07:59:47.474","2015-09-08 07:59:47.474",
47,1,"phillip.timms","3C9947226DA5CD7D347158D91317783EF6F9D819","2018-04-12 07:07:34.343",,
48,4,"deshawn.duryea","6391F96F05A5677CBFED763EEF7AD8C852D0DA2E","2016-07-31 08:40:31.313",,
49,9,"jamison.finlay","85D98211B1FE2E9C04F0674F01EAB1CF38045370","2014-02-20 08:02:19.191",,"2014-02-20 08:02:19.191"
50,5,"alejandra.mcgaughey","64C2B1B509EFB45B2089931D0F40C7E049ADA5CC","2018-10-13 08:27:16.161",,
51,3,"edyth.breeden","B34A9930A8D048DFC6276765CA6A2924CADD5CB6","2013-10-16 07:29:05.055",,"2013-10-16 07:29:05.055"
52,3,"vanessa.tryon","9E26310A1CDEADCCAE64AD5752A11FA98705C67B","2016-04-19 07:03:51.515",,
53,4,"saturnina.lussier","8A5F536C074CA3F7DD26616A08B538229EFC0FB9","2018-06-19 07:46:32.323",,
54,3,"augustina.bodie","E6C694B4BE1F6EC046E4C6D8E4C49E02D811C731","2018-10-13 07:31:41.414",,
55,3,"millie.panzer","7A651D224ED0B605F19D6091EF0476468BF2ABEA","2013-03-28 07:39:28.282",,
56,3,"sean.conigliaro","6111B6C91A747C669BC242F22A84ACAA3A08F08C","2016-08-16 08:06:31.313",,
57,1,"corrin.fettig","AEC896A2B1E7FED3C4BB1BD1921D68E0F63FE58E","2017-06-10 07:29:33.333",,
58,3,"charis.westby","0618D353D3467E9D5337D9B93B629B79E6DE7634","2017-09-07 07:56:13.131",,
59,3,"laraine.belanger","8580A9F77AEA45DFFF8DA1E688B99147163CFD6A","2016-09-19 07:34:00.000",,
60,4,"kym.hemminger","C4443586872C4B8CDAE4A985A7EB2FC5FE6ABF5F","2014-08-29 07:21:08.088",,"2014-08-29 07:21:08.088"
61,3,"ava.labarre","6D5B57A9316EB5125C5700029AD2D57AB84707CA","2016-06-23 08:37:10.101",,"2016-06-23 08:37:10.101"
62,7,"valencia.binford","85D5AAF0C1930B50368DAEE08F14E56C142AD2FD","2017-03-01 08:12:30.303",,
63,4,"lula.secrest","BA0CCE1EEA8CFB0E854750B841517B8AC261EC08","2016-03-23 07:05:18.181","2016-03-23 07:05:18.181","2016-03-23 07:05:18.181"
64,8,"brain.fishel","D09BF04FE54DD217686F83679EB08FC58441E80D","2014-05-25 07:55:58.585",,
65,3,"dionna.minor","A78AC0DF3115327876B17650C0649ED070C29552","2016-10-23 08:07:30.303",,
66,7,"tabetha.boyden","917AEA94FBC62282B4C6DD6A83594ACC945BA563","2018-06-11 07:00:34.343",,
67,1,"lue.dupuy","85631D1F3AA992BECF87EC259268CCC5CB8E7C2B","2013-05-04 08:24:59.595",,
68,3,"erlinda.yuan","B9E70581668E70E3A6796E9E5A28314E54EBB5F4","2014-08-24 08:41:04.044",,"2014-08-24 08:41:04.044"
69,2,"felisha.loffredo","39D2D782F23727B79996CF3E233730F1CCD6DBD6","2015-07-23 07:06:26.262","2015-07-23 07:06:26.262","2015-07-23 07:06:26.262"
70,8,"branda.mcelyea","F2666E0D888C6921EE60356F487B40DCEDBE7FD7","2016-10-18 07:46:57.575","2016-10-18 07:46:58.585",
71,3,"rheba.begay","1D723205182399BA03DF0FDF8279BBD6DD2671A3","2018-11-14 07:11:41.414",,
72,9,"herminia.petroski","0178E9F51ACA2C94BE1A902D2896EB06D87B1817","2014-04-15 07:40:42.424",,
73,8,"araceli.cavitt","A6010FBAE0D4FF0C3C66B6B9D0ED7ABADEC5B6FF","2015-08-31 07:48:45.454",,
74,3,"gigi.rook","21B961F3F939E15F966696256D532DC71318F941","2014-12-20 07:41:28.282","2014-12-20 07:41:28.282",
75,9,"hillary.fabiano","E5F44E727AF97EEA5D6A7C9A5E02C14E915A3DAE","2016-12-13 07:34:28.282",,
76,3,"katrice.poisson","209C697E5D1E3CDF0181A1F10CFFCE61A6B39697","2018-02-01 08:22:20.202","2018-02-01 08:22:20.202",
77,1,"fausto.nails","D4BDF1C98475A2B1D4BA796996F941E375CFFA83","2015-01-05 08:01:48.484",,
78,5,"tarsha.mckeel","BA72CDDF87408F3EA2B3DF876955EE317101573C","2014-04-12 08:26:06.066",,
79,5,"janna.brumley","861A4B4D494C0D9D2D491A60153F130DB48AB59D","2013-10-10 07:30:39.393",,
80,4,"lakisha.avant","265657489B09E33AFCA0EBF493103AD39E14F471","2013-01-16 07:00:58.585",,
81,10,"sierra.privett","1920166F93A35F465685612522501BB1FCBA09AA","2016-11-27 08:42:54.545",,
82,1,"dorsey.colpitts","0838B55DE12F709A894B68F078489E08331BA978","2014-07-02 08:41:30.303",,
83,4,"shawnda.henze","749FBA895F355DD7E3615C268209CC0FD8668F24","2016-08-16 07:28:26.262",,"2016-08-16 07:28:26.262"
84,4,"otis.junker","8E630E80C851695E2CD2B19CBD3DB98774DC078C","2016-04-05 07:19:09.099","2016-04-05 07:19:09.099",
85,3,"burma.timothy","741A03FECC831B80FB70CCF1F9735D99CE9F9BAD","2014-04-04 07:43:20.202",,
86,3,"lily.nail","EDCD1937C7BEEF5E591D32E5F0D46378FF756BA2","2018-08-26 08:08:56.565",,
87,4,"cristy.carnell","B9859F50A6BDD9DE6D24B62114F0956F8216A95F","2017-10-18 08:01:16.161","2017-10-18 08:01:16.161",
88,7,"hiram.moir","A720AA4C4760D53F6E400F0BD63D6F47777513B8","2013-07-31 07:35:42.424",,
89,1,"garrett.wilmore","DCF95838F257E32D41565C89D714A500B90BEB14","2013-10-18 07:37:45.454",,
90,4,"rossana.akana","935CFCCA70D040CC98C7FAB90DF4DA07DBD9BA01","2015-01-23 07:16:46.464",,
91,3,"harmony.kloss","B8CBB4E80D43D68CBF3198CC53C9640179AFB9C9","2017-01-05 08:11:29.292","2017-01-05 08:11:29.292",
92,2,"katelyn.hitz","7CD4C38B49BC678ECDB0E0A77148E424DA93BCFE","2015-12-05 07:42:55.555",,
93,5,"crissy.zeitler","443028B87B4C132EA5F633DE5D26533F0BFCA370","2015-01-13 08:40:22.222",,
94,3,"huong.poch","0257C36C36A403D73E3E5619B13D7B3216BAF118","2015-07-13 08:05:32.323",,
95,7,"cecily.seager","6D18D245B6D6DA3260B54D48C33EE1AE08FE5B62","2016-09-06 08:26:59.595",,
96,9,"lamar.sisler","86F320D1DD515DCA8FD9976E65C9E55706CE7F38","2013-01-20 08:43:23.232",,
97,8,"lawrence.kalb","9A03F70E19F6A957425255247224FAD11DDE586E","2015-10-03 07:46:10.101","2015-10-03 07:46:10.101",
98,3,"fidelia.edmunds","4DE2125D17275DB2F57FE67F25CAA2A3889782F9","2018-04-08 07:03:22.222",,
99,1,"darleen.shewmaker","EE1E723029C1E0A3BA002782CE5797AB28904560","2016-10-05 08:33:16.161",,
100,4,"julianne.bormann","7DFCEE08FE8C0496B5367E89268B7FACE0A1C5F1","2018-08-06 07:01:57.575","2018-08-06 07:01:58.585",
101,3,"winona.bigelow","523CF99E800D57D0FF0AC7B97E04EBC2B9B4B263","2016-11-01 07:39:02.022",,
102,8,"leonarda.haughey","4D3EC0891C07D7A7E5559C89C0E1A83F27658539","2013-09-09 07:43:35.353",,
103,1,"star.ladwig","B72A85196DC87D19BA7B4C957D8242CCC6C2A4A1","2018-05-01 08:28:28.282",,
104,7,"marquita.nicol","1E40CA7C54883879A478FA7C328E5D21441490FE","2014-08-29 08:43:24.242",,
105,8,"earlean.ornellas","5007EFEA31BF20D9058A2C2873A4A73C79C2B3F0","2015-02-21 07:13:54.545",,
106,3,"ardis.arzola","2B9B7614058277A4F0707B8CA5A94811CE842729","2014-01-24 07:42:32.323","2014-01-24 07:42:32.323",
107,4,"calandra.steinbach","C4F9A953CED093648B1BDB0B2AEB39EA9B1BDE24","2015-01-01 08:43:13.131","2015-01-01 08:43:13.131",
108,3,"serena.nadel","FBAE9839FC087FB209BFB562202EED3984ECF7CD","2014-11-23 08:13:03.033","2014-11-23 08:13:03.033",
109,4,"harrison.pedrick","450931F1B0DB96C66B04E716C98A8E53FC48A533","2013-11-26 07:42:03.033",,
110,2,"sommer.shabazz","147F0CF2CE51362824606B05636A758BC7A2A452","2016-06-06 07:39:19.191",,
111,3,"geoffrey.craycraft","C2E925AE4DC7E3F40CA823D36545BEED4F100621","2017-01-18 07:07:18.181","2017-01-18 07:07:18.181",
112,9,"scotty.bailey","D9614C06BE35FB57B8DDA86392C79798817A8577","2017-03-10 07:20:29.292",,
113,3,"shanae.hepburn","21C612F2B2CABD65D924E75BD944CB2D9CF33081","2015-03-04 07:17:25.252",,
114,6,"danae.mcquaid","FDC6B233C3E7E94F6A973E894828D1D00ABC8430","2014-03-07 07:31:30.303",,
115,3,"vannesa.linck","E5D0899382BF019F08F2DEA0E9940174693FAA14","2014-11-01 07:55:02.022",,
116,9,"toby.albert","E3C3446905A6EC4A3A5DD7E9AAEC9A71279CE36D","2015-08-20 07:05:14.141",,
117,3,"shemeka.feltner","B5A8A10F4E12649B82840850716B396FD547CD9D","2016-02-10 07:53:59.595",,
118,3,"bong.woodburn","5EE9C3908EF5A822A195ADD5ECE4CE1596961B87","2013-09-01 08:13:12.121",,
119,5,"kathrine.dusek","4917D4592BEF8EE2DD7E21D8C8CF1904AFF45001","2014-12-20 07:21:17.171",,
120,6,"lelah.govea","CB0BFED9FFF5ACED71019EAB7D1CBC8C05E07E87","2018-07-16 08:37:54.545",,
121,1,"brandon.knorr","8DC32B0EBD38D5CC80B0AEDB65DEE2A96BBDFA76","2018-03-21 08:22:03.033",,
122,2,"ursula.mckiernan","5EFF8BB44B6170D4FD4E8636643C93AD68294982","2015-06-18 08:32:40.404","2015-06-18 08:32:40.404",
123,9,"margo.carrol","CBFDAC6008F9CAB4083784CBD1874F76618D2A97","2013-06-24 08:13:23.232","2013-06-24 08:13:23.232",
124,4,"jessia.reiber","2B4BFCC447C3C8726D26C22927A68F511D5E01CC","2016-07-10 07:10:34.343",,
125,3,"tierra.carrigan","A6359386702384AEEC8160B3A1F5CF0E60484068","2014-08-05 08:24:44.444",,
126,4,"shera.fleig","E68CC49F7C21FE14DC12B028112D40762985113C","2015-01-22 08:07:20.202",,
127,9,"colleen.huey","42CDF1256C8DFB0358D3F523911D1E52823C8B5B","2016-10-30 08:40:45.454",,"2016-10-30 08:40:45.454"
128,8,"randa.martinek","C58E47A521C251096CC10216EB3730D0638D0A60","2015-11-26 08:01:52.525",,
129,2,"sunshine.sain","29CE97A3C62276279200AF279F9001EF9C842BC7","2016-07-05 08:43:23.232","2016-07-05 08:43:23.232",
130,2,"willy.chaffins","F48039FF3CED46B506C68ED5C91B3876BFEFB2DF","2018-05-05 08:07:56.565",,
131,1,"dorthea.brungardt","CF97DC836CA700AA66B16D96955A49118B6F781F","2014-09-13 08:01:12.121",,"2014-09-13 08:01:12.121"
132,3,"hans.nowicki","A8D607478B9EE391C39097348CE50CC878946D01","2014-02-24 08:09:49.494",,
133,1,"ollie.mcnelly","2C55BC9AAD2D8975537FBE1E1BE2D5A4F52FAB19","2014-05-23 07:01:42.424","2014-05-23 07:01:42.424",
134,6,"catherine.crownover","42FD896D3DF240AB1410035B7C3B9CA434F2C387","2014-11-05 07:48:44.444","2014-11-05 07:48:44.444",
135,7,"meda.stabile","39BAE9169048C8A85B66919C43F4DEF252635D2D","2017-07-19 07:40:22.222",,
136,6,"tonisha.haycock","BD30B559BD9A84C988F99A2B3B05F4980E6D06CD","2017-11-14 08:07:50.505",,
137,1,"korey.hallahan","76C0ABF0024879A90C3EA2EE615FBF05BFCB47A8","2015-11-10 08:17:38.383",,
138,4,"na.knappenberger","E238F5C41C92AA6082F44D883F4ED756E45EE67F","2013-02-14 07:49:12.121",,
139,4,"byron.powley","1CDEDBBBA5A9D3DAE6F1DD5469CC7151ACB40838","2014-10-13 08:31:19.191",,
140,4,"angel.eichelberger","C6602E2B73627FC67A7FCBAC8AE30316162C522F","2015-10-28 07:05:47.474",,
141,6,"rob.hilts","9E9A0F9FA60677FCBDFC64EC909B7924A5701604","2015-08-23 07:37:53.535",,"2015-08-23 07:37:54.545"
142,3,"monte.viveiros","32FD50ACDB30F7B515CA4166241D2081C8AA222A","2015-06-19 08:14:53.535","2015-06-19 08:14:54.545",
143,3,"myong.younker","191EA87B71EC34DFB4054DC021C589AAD7741ACE","2015-12-10 08:34:23.232",,
144,2,"delta.opie","320E107A80A7608910C4696C8722660A93B31F38","2018-07-02 07:40:55.555","2018-07-02 07:40:56.565","2018-07-02 07:40:56.565"
145,8,"katrina.world","76D04E4A8832C6AAFF96C86C7623C23B63F8B09B","2013-09-30 07:15:58.585",,
146,2,"hattie.byrum","4577B9C9CF2510A6B6E48E238395D4C1C53B48BC","2014-04-15 07:23:31.313",,
147,8,"pete.kovach","23D0C277BBBDB68EDF160A8A2A1DAEACA03689DE","2015-02-24 08:04:32.323",,
148,2,"karyn.seely","F0804D19B7B8A0DC7F7B323234F77FBBB2DFCA3D","2017-09-03 07:08:21.212",,
149,5,"theodora.treese","B13D1F62F04623473424FDD821A28C8B85D5B74A","2014-05-16 07:21:09.099",,
150,5,"dianne.adelman","278A9F01706246A0BC201AD0CFB8860ECCD5076F","2014-03-22 07:13:04.044",,
151,6,"dorotha.bray","CAB3CA3D5CF1BDD97616A214CFCFD0B4C5D9F90F","2018-03-19 07:27:33.333",,
152,4,"nita.torina","2A6115BC0FB8A88D0CBA2C2AE4557F6BF10A5DD4","2017-06-04 08:27:19.191",,
153,2,"adrianne.westlake","87E7D0EB37A006AD84EFF7402D1DF337845A1A7A","2013-10-19 07:14:23.232",,
154,6,"madelene.okeefe","70DEA5F2E4AF07CCE7950ADA586070DEBF37C7C7","2018-05-08 07:24:35.353",,
155,2,"lucrecia.senter","58A78FF689A2CC63F64740825AB9E6EAF0D6E5AC","2016-10-14 08:13:04.044",,
156,3,"elois.pages","AA8F1809A7C9F0E96C45F480DEA49FB97FC3BF1B","2018-11-15 07:16:34.343","2018-11-15 07:16:34.343",
157,4,"rutha.cardiel","71F922D5C44F06A7C76F6129337358AAF9CFF790","2014-04-13 07:53:44.444",,"2014-04-13 07:53:44.444"
158,3,"idalia.biello","4B0CED2E65294148FEB8ECED870978955CF629FE","2015-09-26 07:10:16.161","2015-09-26 07:10:16.161",
159,3,"jeanelle.farner","89F6DACC06CF4BC59B421645CB6260B55CF51E26","2014-01-02 07:27:17.171",,
160,5,"randell.altieri","82065DC0990566D0ACD1ABC2793379301D8FD011","2014-11-12 08:16:31.313",,
161,3,"bob.albano","FF9E1643385B42D5FB695079C8BF465017C6D6DF","2013-08-22 08:16:48.484",,
162,3,"genoveva.mickens","18D5D88DC8520528E056081BB9C16F2D4ADAA1C9","2018-01-11 08:28:29.292",,
163,8,"marty.jimerson","D1B3178AA3EDCFCB500306BF533078ED5E2035F1","2017-06-04 07:24:34.343",,
164,10,"danita.piche","C48956C860C6FD99DE46A2C971BDB4A01665EBA7","2018-06-26 07:15:32.323",,
165,3,"stewart.alcott","CED5FCBF077CCEF0056F573728D5F7AD9057EB4E","2018-09-19 08:27:58.585","2018-09-19 08:27:59.595",
166,4,"phuong.cox","788D248439CDF45CBEF5318DDF2B433BC066FC4F","2018-11-14 08:40:51.515","2018-11-14 08:40:52.525",
167,3,"setsuko.lebo","6D48C6FD464FDE5F71C3CAB5A338CD8DEFCB096A","2015-10-03 08:34:34.343",,
168,10,"silas.galicia","2C13646326313EE28329ECB22156490DC3264E25","2017-06-03 07:16:23.232","2017-06-03 07:16:23.232",
169,3,"lynsey.edgar","440E6E4BE48ACA5EE64A52F3618FCF156F8291E5","2013-04-11 07:30:54.545",,"2013-04-11 07:30:55.555"
170,3,"felicitas.varden","54DB907707D861022D314E918815E1320DE2DF0F","2014-10-13 07:21:27.272",,
171,3,"gertrudis.defilippo","3346D46C5E140BF7A8860F52E074B165B36BD181","2017-11-11 08:09:09.099",,"2017-11-11 08:09:09.099"
172,1,"ester.suter","10C5E0E0956B875AB88806129F62E17136C0FC85","2015-11-03 07:18:21.212","2015-11-03 07:18:21.212",
173,3,"ned.torrence","BB9B1F44879BE75523C177C0FE8295A2C96F2F0C","2017-08-22 07:21:11.111",,
174,1,"susan.miron","81BC93BACDB1B99FAAD19C3805D6606E8B887A3E","2017-07-20 08:43:20.202",,
175,4,"nenita.soluri","E232D0E1062F16F4E192FF8AB6A2F8CFB91B23F7","2013-12-14 07:33:57.575",,
176,8,"mitchel.voshell","2A613D526F76B1F78E45286D366F78A8719917F3","2017-10-21 07:39:23.232",,
177,2,"warner.cadorette","E2597F84C4FEBC07E36A25E0BA34A96F667776AF","2016-06-07 07:57:40.404","2016-06-07 07:57:40.404",
178,6,"antonietta.roussell","30BADFFF9B9624A18997D01479BB31A986DBA6B1","2017-10-10 08:19:40.404",,
179,2,"debi.piasecki","6BA0FA5C2097225EC351CBEA46F06F307E80BBED","2017-05-31 08:20:32.323","2017-05-31 08:20:32.323",
180,6,"janiece.berthelot","C976DC599DF7468C6EF62E5D93B409C35152B35C","2015-03-13 08:33:27.272","2015-03-13 08:33:27.272",
181,3,"kenia.cieslak","D971C90093D41BAAA97B7A73A1DB408ABBF29CAB","2015-02-17 08:20:46.464","2015-02-17 08:20:46.464",
182,8,"dick.matsuo","70CBA279DBB6A998626B7F8C82D8E6F564964BF9","2016-02-27 07:23:16.161","2016-02-27 07:23:16.161",
183,8,"zane.lesesne","AC33F9E463DEF494E572D65C1AD8A8B1151BEA7E","2013-04-29 07:22:55.555",,
184,1,"tiffiny.toomer","57538CE412E2C212700ACC4E0DF5F81E3E04A540","2015-04-02 07:50:35.353",,
185,3,"earleen.zelman","19686928780232FEB6628556A743977BB59F726F","2013-08-03 07:48:21.212",,
186,4,"florence.santora","A4A266C992FE42BF9B866C2829326BE8399B8AFC","2018-04-05 08:16:43.434",,
187,4,"emmie.maxie","F26CD77CD5F00774DD8FCBC11A470063EDD53469","2015-01-31 07:35:18.181",,
188,2,"sybil.gourdine","DC9FB2E35DB1386D531903C1781A3979DDFB428C","2016-11-24 07:30:27.272",,
189,4,"janel.rich","9DD24024BB47DE03DC32E473909D0B93D122A0D0","2013-11-12 08:35:15.151",,
190,1,"yuki.carbonneau","EF023F7A70B9660D03CD3E26BE4F2522AB468E29","2017-10-02 07:46:17.171","2017-10-02 07:46:17.171",
191,2,"portia.mahon","113D25AA5D219A433C4C33EFD025109533DAD0DC","2018-03-07 08:09:31.313","2018-03-07 08:09:31.313",
192,3,"isaias.deady","E67E64CA29A33D54A64B4D3AC672CFED0B366A10","2013-11-29 07:44:37.373",,
193,3,"karina.cordray","7478F59F7544BDEEDD895142CF0571622EBC0F6B","2015-10-26 08:41:44.444",,
194,6,"florance.dibernardo","8D49F3905D1A4A88A883A1792F21549AF09C8442","2016-04-03 08:15:37.373","2016-04-03 08:15:37.373",
195,1,"cornell.banner","8F095B1A821C237C06C82F4CA7088ACAF5C2CD5A","2018-11-21 07:15:30.303",,
196,10,"louvenia.denner","600163F74DA6FE767C8ADBD370049C4107488D3B","2014-11-26 08:02:41.414",,"2014-11-26 08:02:41.414"
197,6,"judie.featherston","DDF9D616012166A6EAD6E34488E5A40D9BB437ED","2015-05-15 07:56:17.171","2015-05-15 07:56:17.171","2015-05-15 07:56:17.171"
198,3,"tiara.pascal","C5617BF33259705532F88BA15443D0E3DF7D3FD3","2014-04-23 07:45:19.191",,
199,7,"herschel.brookover","396E2CF4B04A84EE3BCA0AB808D3F6835F77B10C","2015-12-03 07:49:21.212",,
200,4,"mia.armer","8132990419C39498C81A511089B8BDDFFD28B446","2017-08-04 08:31:37.373","2017-08-04 08:31:37.373",