ID,RoleID,UserName,Password,DateCreated,DateUpdated,DateDeleted
1,4,arker.opez,e38ad214943daad1d64c102faec29de4afe9da3d,1482354288882,1530765197762,
2,5,enneth.ichols,2aa60a8ff7fcd473d321e0146afd9e26df395147,1479821123004,1533493260832,
3,10,indsey.ord,1119cfd37ee247357e034a08d844eea25f6fd20f,1477722840141,1510300139643,
4,1,ichael.all,a1d7584daaca4738d499ad7082886b01117275d8,1530488706778,1539336385304,
5,1,ohn.ose,edba955d0ea15fdef4f61726ef97e5af507430c0,1491461767416,,
6,2,hane.rnold,6d749e8a378a34cf19b4c02f7955f57fdba130a5,1490905419735,,
7,3,eah.right,330ba60e243186e9fa258f9992d8766ea6e88bc1,1518348270362,,
8,9,ristan.offman,a8dbbfa41cec833f8dd42be4d1fa9a13142c85c2,1500507731795,,
9,2,ocelyn.ray,024b01916e3eaec66a2c4b6fc587b1705f1a6fc8,1519119716126,1535370927521,
10,7,ordyn.aylor,f68ec41cde16f6b806d7b04c705766b7318fbb1d,1522565460989,1526273736386,
11,2,icardo.eaver,ddf6c9a1df4d57aef043ca8610a5a0dea097af0b,1504990972559,,
12,8,icardo.ailey,10c28f9cf0668595d45c1090a7b4a2ae98edfa58,1528585945819,1531018307203,
13,2,elanie.astillo,d505832286e2c1d2839f394de89b3af8dc3f8c1f,1493631632293,,
14,1,lexia.ames,89f747bced37a9d8aee5c742e2aea373278eb29f,1493396166618,,
15,8,aylee.llen,bd021e21c14628faa94d4aaac48c869d6b5d0ec3,1492947174808,,
16,10,atelyn.ennett,3de778e515e707114b622e769a308d1a2f84052b,1498651894553,1526815412129,
17,7,rittany.art,b9c3d15c70a945d9e308ac763dd254b47c29bc0a,1538517740822,1538907801676,
18,6,va.chmidt,e7369527332f65fe86c44d87116801a0f4fbe5d3,1536839796955,,1540411092086
19,2,ebastian.ichardson,2c30de294b2ca17d5c356645a04ff4d0de832594,1519092896323,,
20,4,aylee.arris,6b00888703d6cae5654e2d2a6de79c42bbf94497,1485694255118,1533941950568,1539532197217
21,4,very.rown,6bd1c0ac395c9cc40acd3fef59209944a8e09cd2,1536101296847,,1536798090446
22,4,ngelica.mith,4393e23bbcfc18a7ff359b6130e73c55f5bdb541,1506812926451,1525388219427,
23,5,dwin.ox,e5e080b98051e09a61175bdd4501701be7185582,1518616191383,1534247613006,
24,9,eremiah.opez,ec962982c39b2137bc5453e66034a4e774164720,1525644399501,1531409044034,
25,1,evin.rown,493fa14b04d2bf8bb61eeaa9eca50bb1fbfc281d,1500155291757,1539035561446,
26,6,braham.ollins,36d7048e5ff06f7707e4018ef1d17cf6c37dc0c5,1539315680363,,
27,9,braham.orris,dff2565104b1a1e3b293579b35829abb47a73b2d,1496703947047,1534256319756,
28,8,ared.lson,c82940c8b3a430670709b2034b9423c728b34416,1535942854464,,
29,9,aul.wens,7cf05621019e9c633b84f2ba1ea097e8dae22bf7,1494020221275,1527689257408,
30,9,iovanni.ood,70de8f10edcbe18a77366264db2ee393c9827480,1485642037435,1514892138424,
31,5,osiah.ailey,f4e1eca75c7ca588ffece061d51be44b65942422,1502820777963,1503405318290,
32,5,eyton.orales,4e0f441b33ed59f69b2075604cf74f0b4dc5f8f7,1540596049748,1540596983690,
33,4,esse.lvarez,92bf18f8a63e350b0c95b1035c3939c633985875,1501817246274,,
34,4,race.reen,849071e0dbc2d75250c36281eeaceb2377673cf6,1489614560380,1500284142843,
35,2,ayton.ee,69a1871ab9200ed3e330e489f23789044e763fc7,1510295375576,1532257703283,1538530597326
36,7,tephanie.ibson,e68150663441fe28f6288a4688b557b2e15c2e03,1477981486920,,
37,7,ikayla.atel,678663851798df02f85f18a552184e9f46996735,1504128433891,,
38,6,elaney.artinez,bf8e9b50e0a298be93cb412a73d9ef5ba7d746db,1523909114413,,1524385806253
39,8,atherine.cdonald,181a670402d8fac3ec284cb9309cd06b4499bf7d,1536685797477,,
40,9,ose.ullivan,68617a33df2ea41a0a835ac878e0d2065e238da8,1506618904691,1532657576764,
41,8,athryn.arcia,d2116a45f6cb68bf7dad2464e04a73b492ba1778,1539901544605,1540031309367,
42,8,rant.arrison,aba1df3b90705c06f35282f52c51303a6c675669,1498045067174,,
43,10,lijah.aker,b472077a5a412cf4af8615d69db06c1472a4e95d,1509927336940,1510951202184,
44,10,manda.ohnson,db9990ce810e272e3579513617a73862753d8070,1492527868027,,
45,9,ayton.lack,1ee51dee908702b116b6ac09c51cc148aa121398,1522777344921,1529275551913,
46,3,adeline.aton,7d4a6d9d335815d2568a12a48650f2326c9111b5,1530669101765,,
47,5,an.hite,3c9947226da5cd7d347158d91317783ef6f9d819,1506938946367,,
48,4,ary.eed,6391f96f05a5677cbfed763eef7ad8c852d0da2e,1479991617486,,
49,9,rancisco.ilson,85d98211b1fe2e9c04f0674f01eab1cf38045370,1485639481154,1534246904817,
50,9,ailey.arrison,64c2b1b509efb45b2089931d0f40c7e049ada5cc,1501087120113,,
51,9,ikayla.ice,b34a9930a8d048dfc6276765ca6a2924cadd5cb6,1482421989845,,
52,3,evon.artin,9e26310a1cdeadccae64ad5752a11fa98705c67b,1488060229233,1535810795557,
53,7,onah.ashington,8a5f536c074ca3f7dd26616a08b538229efc0fb9,1506841979960,1529494981681,
54,7,andon.erguson,e6c694b4be1f6ec046e4c6d8e4c49e02d811c731,1510524964135,1533461905974,
55,9,aymond.elson,7a651d224ed0b605f19d6091ef0476468bf2abea,1503123509049,,
56,7,shton.artin,6111b6c91a747c669bc242f22a84acaa3a08f08c,1515713087248,,
57,8,dgar.lson,aec896a2b1e7fed3c4bb1bd1921d68e0f63fe58e,1496077052423,1510378943332,
58,1,ate.iller,0618d353d3467e9d5337d9b93b629b79e6de7634,1512011016927,,
59,2,pencer.obinson,8580a9f77aea45dfff8da1e688b99147163cfd6a,1521601812615,,
60,6,hane.urns,c4443586872c4b8cdae4a985a7eb2fc5fe6abf5f,1479678667823,,
61,3,ennedy.cott,6d5b57a9316eb5125c5700029ad2d57ab84707ca,1511686038439,,
62,9,scar.asquez,85d5aaf0c1930b50368daee08f14e56c142ad2fd,1517423322812,1517464886236,
63,6,kylar.ailey,ba0cce1eea8cfb0e854750b841517b8ac261ec08,1478396730625,,
64,7,lake.ose,d09bf04fe54dd217686f83679eb08fc58441e80d,1525169363119,1536071999412,
65,8,onah.rant,a78ac0df3115327876b17650c0649ed070c29552,1532028992685,1540309841889,
66,8,ario.ordan,917aea94fbc62282b4c6dd6a83594acc945ba563,1524778854095,,
67,4,hristina.chmidt,85631d1f3aa992becf87ec259268ccc5cb8e7c2b,1539199274654,1539654884384,
68,2,ason.hompson,b9e70581668e70e3a6796e9e5a28314e54ebb5f4,1534676367386,1535604540046,
69,2,avannah.ray,39d2d782f23727b79996cf3e233730f1ccd6dbd6,1484375402075,,
70,2,ary.cdonald,f2666e0d888c6921ee60356f487b40dcedbe7fd7,1487745247258,1496301457492,
71,6,lijah.orales,1d723205182399ba03df0fdf8279bbd6dd2671a3,1486744404771,1498258659409,
72,7,ntonio.ood,0178e9f51aca2c94be1a902d2896eb06d87b1817,1477541903010,1509068315838,
73,9,elanie.elson,a6010fbae0d4ff0c3c66b6b9d0ed7abadec5b6ff,1498570434412,1513507414931,
74,9,ichard.ord,21b961f3f939e15f966696256d532dc71318f941,1526736905590,1532798186839,
75,1,aitlin.aton,e5f44e727af97eea5d6a7c9a5e02c14e915a3dae,1482192320095,1488690405095,
76,3,eter.orter,209c697e5d1e3cdf0181a1f10cffce61a6b39697,1496188323003,1502261498256,1523845744229
77,10,aleb.oreno,d4bdf1c98475a2b1d4ba796996f941e375cffa83,1480529343479,1500481517881,
78,5,uliana.ell,ba72cddf87408f3ea2b3df876955ee317101573c,1506651790239,,
79,8,enna.ollins,861a4b4d494c0d9d2d491a60153f130db48ab59d,1525424726019,,
80,2,iffany.eaver,265657489b09e33afca0ebf493103ad39e14f471,1491466026460,1502671541242,
81,5,ody.radley,1920166f93a35f465685612522501bb1fcba09aa,1500851333294,1536324030150,
82,3,rooke.ughes,0838b55de12f709a894b68f078489e08331ba978,1479179744173,,1529148558329
83,9,helby.iaz,749fba895f355dd7e3615c268209cc0fd8668f24,1495940689629,,
84,3,ector.unter,8e630e80c851695e2cd2b19cbd3db98774dc078c,1515310050031,,
85,8,heyenne.aniels,741a03fecc831b80fb70ccf1f9735d99ce9f9bad,1534743476722,1537890487506,
86,2,elly.ryant,edcd1937c7beef5e591d32e5f0d46378ff756ba2,1483799911999,,
87,7,yatt.aton,b9859f50a6bdd9de6d24b62114f0956f8216a95f,1511191843972,1531839062571,
88,3,lla.ackson,a720aa4c4760d53f6e400f0bd63d6f47777513b8,1537763771125,,
89,4,adison.homas,dcf95838f257e32d41565c89d714a500b90beb14,1499017151382,1504593265225,
90,4,van.ewis,935cfcca70d040cc98c7fab90df4da07dbd9ba01,1500746724510,,
91,5,randon.unter,b8cbb4e80d43d68cbf3198cc53c9640179afb9c9,1514699278691,,
92,3,my.eyer,7cd4c38b49bc678ecdb0e0a77148e424da93bcfe,1504331535305,,
93,6,age.arshall,443028b87b4c132ea5f633de5d26533f0bfca370,1478299017141,1521122945927,1536921779554
94,4,ordyn.elley,0257c36c36a403d73e3e5619b13d7b3216baf118,1517445162018,1521793954676,
95,4,icole.havez,6d18d245b6d6da3260b54d48c33ee1ae08fe5b62,1496049724541,1507786075284,
96,10,ulia.rice,86f320d1dd515dca8fd9976e65c9e55706ce7f38,1530558271614,1537051400883,
97,4,ayla.errera,9a03f70e19f6a957425255247224fad11dde586e,1525884192571,,
98,8,ayden.ughes,4de2125d17275db2f57fe67f25caa2a3889782f9,1488126153100,,
99,5,aley.rice,ee1e723029c1e0a3ba002782ce5797ab28904560,1492123617664,1502806484166,1512630738911
100,9,kylar.eed,7dfcee08fe8c0496b5367e89268b7face0a1c5f1,1497772603427,1540320087301,
101,9,mar.rooks,523cf99e800d57d0ff0ac7b97e04ebc2b9b4b263,1483548084864,,
102,3,ordan.raham,4d3ec0891c07d7a7e5559c89c0e1a83f27658539,1507859229508,,
103,4,hristian.lvarez,b72a85196dc87d19ba7b4c957d8242ccc6c2a4a1,1511813288410,1534093924218,
104,8,ohn.riffin,1e40ca7c54883879a478fa7c328e5d21441490fe,1497584970773,1513533832894,
105,10,erenity.cdonald,5007efea31bf20d9058a2c2873a4a73c79c2b3f0,1515852808955,,
106,1,eth.oods,2b9b7614058277a4f0707b8ca5a94811ce842729,1492919042262,1513594235818,
107,10,riana.ichols,c4f9a953ced093648b1bdb0b2aeb39ea9b1bde24,1516302001180,,
108,7,shley.rown,fbae9839fc087fb209bfb562202eed3984ecf7cd,1489197068129,1519977494196,1536827076125
109,5,aura.ason,450931f1b0db96c66b04e716c98a8e53fc48a533,1515837619586,1529204199837,
110,3,eronica.elley,147f0cf2ce51362824606b05636a758bc7a2a452,1499611910643,1504721981153,
111,5,esus.ong,c2e925ae4dc7e3f40ca823d36545beed4f100621,1491791776918,,
112,10,anuel.ansen,d9614c06be35fb57b8dda86392c79798817a8577,1505231436472,,
113,7,saiah.rice,21c612f2b2cabd65d924e75bd944cb2d9cf33081,1483063969356,,
114,1,li.elley,fdc6b233c3e7e94f6a973e894828d1d00abc8430,1512677041732,,
115,6,imberly.mith,e5d0899382bf019f08f2dea0e9940174693faa14,1511103760814,,
116,10,effrey.arris,e3c3446905a6ec4a3a5dd7e9aaec9a71279ce36d,1516269686131,,
117,8,arlos.icks,b5a8a10f4e12649b82840850716b396fd547cd9d,1498204229046,1500590523878,1526847404822
118,6,rayden.urray,5ee9c3908ef5a822a195add5ece4ce1596961b87,1493647272820,,
119,2,ucy.eyer,4917d4592bef8ee2dd7e21d8c8cf1904aff45001,1501273543779,,
120,1,nthony.arker,cb0bfed9fff5aced71019eab7d1cbc8c05e07e87,1522116899980,1523501853762,
121,5,abriela.amilton,8dc32b0ebd38d5cc80b0aedb65dee2a96bbdfa76,1504077038928,1519005102020,
122,3,ierra.onzalez,5eff8bb44b6170d4fd4e8636643c93ad68294982,1483424662995,1493841363391,1522969420078
123,6,rystal.itchell,cbfdac6008f9cab4083784cbd1874f76618d2a97,1497427400914,1540133507196,1540186538485
124,10,eyton.hite,2b4bfcc447c3c8726d26c22927a68f511d5e01cc,1487686213032,,
125,8,ryce.ing,a6359386702384aeec8160b3a1f5cf0e60484068,1510384977200,1536252644662,
126,2,rinity.unt,e68cc49f7c21fe14dc12b028112d40762985113c,1498197595487,1524538413084,
127,9,eyton.ee,42cdf1256c8dfb0358d3f523911d1e52823c8b5b,1518357430633,,1519476598286
128,3,enesis.oberts,c58e47a521c251096cc10216eb3730d0638d0a60,1481914306317,,
129,1,licia.odriguez,29ce97a3c62276279200af279f9001ef9c842bc7,1518632455255,,
130,5,abriel.aker,f48039ff3ced46b506c68ed5c91b3876bfefb2df,1494997760812,1517486900860,
131,1,axwell.hillips,cf97dc836ca700aa66b16d96955a49118b6f781f,1496109730290,1504777067890,1514105140270
132,1,rancisco.ong,a8d607478b9ee391c39097348ce50cc878946d01,1521008052116,,
133,1,rik.almer,2c55bc9aad2d8975537fbe1e1be2d5a4f52fab19,1492294453028,,
134,3,ndres.llen,42fd896d3df240ab1410035b7c3b9ca434f2c387,1531525921778,,
135,2,bigail.ason,39bae9169048c8a85b66919c43f4def252635d2d,1521688170051,,
136,7,lejandro.arcia,bd30b559bd9a84c988f99a2b3b05f4980e6d06cd,1482896428681,1516951074618,
137,6,lla.owell,76c0abf0024879a90c3ea2ee615fbf05bfcb47a8,1479439688951,1520748384588,
138,9,ate.ardner,e238f5c41c92aa6082f44d883f4ed756e45ee67f,1502872387063,,
139,1,oseph.ansen,1cdedbbba5a9d3dae6f1dd5469cc7151acb40838,1499818700811,,
140,10,alen.ook,c6602e2b73627fc67a7fcbac8ae30316162c522f,1484226053229,1518042898257,
141,8,ucy.ixon,9e9a0f9fa60677fcbdfc64ec909b7924a5701604,1493383408208,,1531615207262
142,2,ulian.ells,32fd50acdb30f7b515ca4166241d2081c8aa222a,1514670926730,,
143,8,ordyn.ardner,191ea87b71ec34dfb4054dc021c589aad7741ace,1502688106549,,1521763222488
144,2,age.ilson,320e107a80a7608910c4696c8722660a93b31f38,1513352801604,,1520937221956
145,8,ophia.ilson,76d04e4a8832c6aaff96c86c7623c23b63f8b09b,1495693537346,,1500341935434
146,1,lexis.oreno,4577b9c9cf2510a6b6e48e238395d4c1c53b48bc,1510465966196,,
147,9,lake.pencer,23d0c277bbbdb68edf160a8a2a1daeaca03689de,1488118129813,,
148,9,lias.aylor,f0804d19b7b8a0dc7f7b323234f77fbbb2dfca3d,1536070550498,1538633786360,
149,7,aylee.nderson,b13d1f62f04623473424fdd821a28c8b85d5b74a,1478034328077,1524207284678,1538500440768
150,6,yler.oreno,278a9f01706246a0bc201ad0cfb8860eccd5076f,1488064744155,1488331375160,
151,4,olin.amos,cab3ca3d5cf1bdd97616a214cfcfd0b4c5d9f90f,1516077854532,1525865602742,
152,10,shlyn.right,2a6115bc0fb8a88d0cba2c2ae4557f6bf10a5dd4,1488311915964,1504009279749,
153,4,dward.reen,87e7d0eb37a006ad84eff7402d1df337845a1a7a,1479500577156,,1484922851331
154,2,drian.allace,70dea5f2e4af07cce7950ada586070debf37c7c7,1518299675521,1529203431790,
155,7,lexa.orter,58a78ff689a2cc63f64740825ab9e6eaf0d6e5ac,1520853646955,1538188321806,
156,8,axwell.itchell,aa8f1809a7c9f0e96c45f480dea49fb97fc3bf1b,1534017243495,,
157,8,ayla.astillo,71f922d5c44f06a7c76f6129337358aaf9cff790,1504413359297,1519299915500,
158,3,aron.unt,4b0ced2e65294148feb8eced870978955cf629fe,1513986156587,1520252285553,
159,5,velyn.urray,89f6dacc06cf4bc59b421645cb6260b55cf51e26,1520494652507,,
160,7,riana.orales,82065dc0990566d0acd1abc2793379301d8fd011,1536089321167,1536895715011,
161,6,ndres.ogers,ff9e1643385b42d5fb695079c8bf465017c6d6df,1518962456049,1531802582015,
162,1,atthew.oore,18d5d88dc8520528e056081bb9c16f2d4adaa1c9,1528197180997,,
163,7,rystal.arcia,d1b3178aa3edcfcb500306bf533078ed5e2035f1,1534800735109,1535451224349,
164,8,va.erguson,c48956c860c6fd99de46a2c971bdb4a01665eba7,1477759410099,1496180431278,
165,3,eagan.est,ced5fcbf077ccef0056f573728d5f7ad9057eb4e,1482506687092,,
166,6,ope.est,788d248439cdf45cbef5318ddf2b433bc066fc4f,1529371804022,1540024482883,
167,1,onah.urphy,6d48c6fd464fde5f71c3cab5a338cd8defcb096a,1487440193243,1528193176393,
168,9,renton.arshall,2c13646326313ee28329ecb22156490dc3264e25,1517143113841,,
169,4,mmanuel.ernandez,440e6e4be48aca5ee64a52f3618fcf156f8291e5,1499992386623,,
170,9,enna.dwards,54db907707d861022d314e918815e1320de2df0f,1532549014115,1534355277191,
171,3,ayton.rooks,3346d46c5e140bf7a8860f52e074b165b36bd181,1481481098347,1534472451994,
172,7,harles.havez,10c5e0e0956b875ab88806129f62e17136c0fc85,1521472471581,,
173,8,ector.lark,bb9b1f44879be75523c177c0fe8295a2c96f2f0c,1499219493843,,
174,6,eronica.llis,81bc93bacdb1b99faad19c3805d6606e8b887a3e,1480404446059,1496897113115,
175,4,hristina.isher,e232d0e1062f16f4e192ff8ab6a2f8cfb91b23f7,1540506338823,,
176,5,annah.olmes,2a613d526f76b1f78e45286d366f78a8719917f3,1482017821376,1496478865833,
177,3,than.ox,e2597f84c4febc07e36a25e0ba34a96f667776af,1503496322318,,
178,6,reston.ayne,30badfff9b9624a18997d01479bb31a986dba6b1,1538782303230,1540306824009,
179,5,dgar.ennett,6ba0fa5c2097225ec351cbea46f06f307e80bbed,1529090063469,1538657510923,
180,8,lias.ill,c976dc599df7468c6ef62e5d93b409c35152b35c,1506621292664,1524059216417,
181,1,bby.ruz,d971c90093d41baaa97b7a73a1db408abbf29cab,1532553776614,1538654167153,
182,8,tephanie.ooper,70cba279dbb6a998626b7f8c82d8e6f564964bf9,1540548630308,1540562454645,
183,9,alton.iaz,ac33f9e463def494e572d65c1ad8a8b1151bea7e,1525604482573,,
184,5,enna.ennett,57538ce412e2c212700acc4e0df5f81e3e04a540,1521690454513,1523570761968,
185,10,olly.ampbell,19686928780232feb6628556a743977bb59f726f,1536332907456,1539843678601,
186,7,atelyn.oleman,a4a266c992fe42bf9b866c2829326be8399b8afc,1529169823425,1538554816477,
187,5,scar.avis,f26cd77cd5f00774dd8fcbc11a470063edd53469,1528165054862,1539716918241,
188,8,ara.atel,dc9fb2e35db1386d531903c1781a3979ddfb428c,1502052505830,,
189,10,alerie.urray,9dd24024bb47de03dc32e473909d0b93d122a0d0,1506322018037,,
190,2,aron.enry,ef023f7a70b9660d03cd3e26be4f2522ab468e29,1491770501423,1509148280405,
191,1,ennedy.ussell,113d25aa5d219a433c4c33efd025109533dad0dc,1481393697171,,
192,6,atalie.lexander,e67e64ca29a33d54a64b4d3ac672cfed0b366a10,1530818277373,,
193,1,dwin.arter,7478f59f7544bdeedd895142cf0571622ebc0f6b,1534735667815,1537905092179,
194,3,adelyn.guyen,8d49f3905d1a4a88a883a1792f21549af09c8442,1501721369791,1520494807494,
195,8,icholas.eed,8f095b1a821c237c06c82f4ca7088acaf5c2cd5a,1495645721687,,1516355323981
196,6,ryan.oods,600163f74da6fe767c8adbd370049c4107488d3b,1485826365622,,
197,8,helby.llen,ddf9d616012166a6ead6e34488e5a40d9bb437ed,1488219166658,,
198,3,atrick.ollins,c5617bf33259705532f88ba15443d0e3df7d3fd3,1480420987995,,
199,7,rooklyn.eyer,396e2cf4b04a84ee3bca0ab808d3f6835f77b10c,1505571496809,,
200,4,ia.night,8132990419c39498c81a511089b8bddffd28b446,1490197586675,1536358392375,
